,time,timedel,bkg_counts,counts,rate
0,14.0,14.0,0,0,0.0
1,26.0,12.0,1,2,0.16666666666666666
2,38.0,12.0,1,1,0.08333333333333333
3,50.0,12.0,1,6,0.5
4,62.0,12.0,0,9,0.75
5,74.0,12.0,0,2,0.16666666666666666
6,86.0,12.0,4,8,0.6666666666666666
7,98.0,12.0,1,3,0.25
8,110.0,12.0,1,7,0.5833333333333334
9,122.0,12.0,0,2,0.16666666666666666
10,134.0,12.0,1,3,0.25
11,146.0,12.0,1,2,0.16666666666666666
12,158.0,12.0,1,1,0.08333333333333333
13,170.0,12.0,4,7,0.5833333333333334
